{
    "essence": {
        "deafening greed": {
            "tag": "deafening-essence-of-greed",
            "chaos": 3.0,
            "exalted": 0.024691358024691357
        },
        "shrieking greed": {
            "tag": "shrieking-essence-of-greed",
            "chaos": 1.0,
            "exalted": 0.008230452674897118
        },
        "screaming greed": {
            "tag": "screaming-essence-of-greed",
            "chaos": 0.3333333333333333,
            "exalted": 0.0027434842249657062
        },
        "wailing greed": {
            "tag": "wailing-essence-of-greed",
            "chaos": 0.1111111111111111,
            "exalted": 0.0009144947416552355
        },
        "weeping greed": {
            "tag": "weeping-essence-of-greed",
            "chaos": 0.037037037037037035,
            "exalted": 0.00030483158055174517
        },
        "muttering greed": {
            "tag": "muttering-essence-of-greed",
            "chaos": 0.012345679012345678,
            "exalted": 0.00010161052685058171
        },
        "whispering greed": {
            "tag": "whispering-essence-of-greed",
            "chaos": 0.00411522633744856,
            "exalted": 3.387017561686057e-05
        },
        "deafening contempt": {
            "tag": "deafening-essence-of-contempt",
            "chaos": 3.0,
            "exalted": 0.03571428571428571
        },
        "shrieking contempt": {
            "tag": "shrieking-essence-of-contempt",
            "chaos": 1.0,
            "exalted": 0.011904761904761904
        },
        "screaming contempt": {
            "tag": "screaming-essence-of-contempt",
            "chaos": 0.3333333333333333,
            "exalted": 0.003968253968253968
        },
        "wailing contempt": {
            "tag": "wailing-essence-of-contempt",
            "chaos": 0.1111111111111111,
            "exalted": 0.0013227513227513227
        },
        "weeping contempt": {
            "tag": "weeping-essence-of-contempt",
            "chaos": 0.037037037037037035,
            "exalted": 0.0004409171075837742
        },
        "muttering contempt": {
            "tag": "muttering-essence-of-contempt",
            "chaos": 0.012345679012345678,
            "exalted": 0.00014697236919459142
        },
        "whispering contempt": {
            "tag": "whispering-essence-of-contempt",
            "chaos": 0.00411522633744856,
            "exalted": 4.899078973153047e-05
        },
        "deafening hatred": {
            "tag": "deafening-essence-of-hatred",
            "chaos": 3.0,
            "exalted": 0.03773584905660377
        },
        "shrieking hatred": {
            "tag": "shrieking-essence-of-hatred",
            "chaos": 1.0,
            "exalted": 0.012578616352201257
        },
        "screaming hatred": {
            "tag": "screaming-essence-of-hatred",
            "chaos": 0.3333333333333333,
            "exalted": 0.0041928721174004195
        },
        "wailing hatred": {
            "tag": "wailing-essence-of-hatred",
            "chaos": 0.1111111111111111,
            "exalted": 0.001397624039133473
        },
        "weeping hatred": {
            "tag": "weeping-essence-of-hatred",
            "chaos": 0.037037037037037035,
            "exalted": 0.00046587467971115766
        },
        "muttering hatred": {
            "tag": "muttering-essence-of-hatred",
            "chaos": 0.012345679012345678,
            "exalted": 0.00015529155990371923
        },
        "whispering hatred": {
            "tag": "whispering-essence-of-hatred",
            "chaos": 0.00411522633744856,
            "exalted": 5.1763853301239745e-05
        },
        "deafening woe": {
            "tag": "deafening-essence-of-woe",
            "chaos": 2.0,
            "exalted": 0.027777777777777776
        },
        "shrieking woe": {
            "tag": "shrieking-essence-of-woe",
            "chaos": 0.6666666666666666,
            "exalted": 0.009259259259259259
        },
        "screaming woe": {
            "tag": "screaming-essence-of-woe",
            "chaos": 0.2222222222222222,
            "exalted": 0.0030864197530864196
        },
        "wailing woe": {
            "tag": "wailing-essence-of-woe",
            "chaos": 0.07407407407407407,
            "exalted": 0.0010288065843621398
        },
        "weeping woe": {
            "tag": "weeping-essence-of-woe",
            "chaos": 0.024691358024691357,
            "exalted": 0.0003429355281207133
        },
        "muttering woe": {
            "tag": "muttering-essence-of-woe",
            "chaos": 0.00823045267489712,
            "exalted": 0.00011431184270690443
        },
        "whispering woe": {
            "tag": "whispering-essence-of-woe",
            "chaos": 0.0027434842249657062,
            "exalted": 3.8103947568968146e-05
        },
        "deafening fear": {
            "tag": "deafening-essence-of-fear",
            "chaos": 2.0,
            "exalted": 0.013888888888888888
        },
        "shrieking fear": {
            "tag": "shrieking-essence-of-fear",
            "chaos": 0.6666666666666666,
            "exalted": 0.004629629629629629
        },
        "screaming fear": {
            "tag": "screaming-essence-of-fear",
            "chaos": 0.2222222222222222,
            "exalted": 0.0015432098765432098
        },
        "wailing fear": {
            "tag": "wailing-essence-of-fear",
            "chaos": 0.07407407407407407,
            "exalted": 0.0005144032921810699
        },
        "weeping fear": {
            "tag": "weeping-essence-of-fear",
            "chaos": 0.024691358024691357,
            "exalted": 0.00017146776406035664
        },
        "muttering fear": {
            "tag": "muttering-essence-of-fear",
            "chaos": 0.00823045267489712,
            "exalted": 5.7155921353452216e-05
        },
        "deafening anger": {
            "tag": "deafening-essence-of-anger",
            "chaos": 3.0,
            "exalted": 0.03333333333333333
        },
        "shrieking anger": {
            "tag": "shrieking-essence-of-anger",
            "chaos": 1.0,
            "exalted": 0.011111111111111112
        },
        "screaming anger": {
            "tag": "screaming-essence-of-anger",
            "chaos": 0.3333333333333333,
            "exalted": 0.003703703703703704
        },
        "wailing anger": {
            "tag": "wailing-essence-of-nger",
            "chaos": 0.1111111111111111,
            "exalted": 0.0012345679012345679
        },
        "weeping anger": {
            "tag": "weeping-essence-of-anger",
            "chaos": 0.037037037037037035,
            "exalted": 0.00041152263374485596
        },
        "muttering anger": {
            "tag": "muttering-essence-of-anger",
            "chaos": 0.012345679012345678,
            "exalted": 0.00013717421124828533
        },
        "deafening torment": {
            "tag": "deafening-essence-of-torment",
            "chaos": 0.5,
            "exalted": 0.006944444444444444
        },
        "shrieking torment": {
            "tag": "shrieking-essence-of-torment",
            "chaos": 0.16666666666666666,
            "exalted": 0.0023148148148148147
        },
        "screaming torment": {
            "tag": "screaming-essence-of-torment",
            "chaos": 0.05555555555555555,
            "exalted": 0.0007716049382716049
        },
        "wailing torment": {
            "tag": "wailing-essence-of-torment",
            "chaos": 0.018518518518518517,
            "exalted": 0.00025720164609053495
        },
        "weeping torment": {
            "tag": "weeping-essence-of-torment",
            "chaos": 0.006172839506172839,
            "exalted": 8.573388203017832e-05
        },